Group,Individual,MT low,MT int,MT homo,DL low,DL int,DL homo,CDS low,CDS int,CDS homo,tRNA low,tRNA int,tRNA homo,rRNA low,rRNA int,rRNA homo
УЗД,37,"6,03536725209729E-05",0,"0,00109","0,00089126559714795",0,"0,00446",0,0,"0,000707401184896984",0,0,0,0,0,"0,00192455735180908"
УЗД,65,0,"6,03536725209729E-05","0,00054",0,"0,00089126559714795","0,00178",0,0,"0,000265275444336369",0,0,0,0,0,"0,00153964588144726"
УЗД,94,"6,03536725209729E-05","6,03536725209729E-05","0,00072","0,00089126559714795",0,"0,00267",0,"8,8425148112123E-05","0,000442125740560615",0,0,0,0,0,"0,00153964588144726"
УЗД,112,"6,03536725209729E-05",0,"0,00054","0,00089126559714795",0,"0,00357",0,0,"0,000176850296224246",0,0,0,0,0,"0,00115473441108545"
УЗД,113,0,0,"0,00097",0,0,"0,00267",0,0,"0,00088425148112123",0,0,0,0,0,"0,00115473441108545"
УЗД,114,"6,03536725209729E-05","0,000120707345041945","0,00097","0,00089126559714795","0,00089126559714795","0,00446",0,"8,8425148112123E-05","0,000618976036784861",0,0,0,0,0,"0,00153964588144726"
УЗД,116,"6,03536725209729E-05",0,"0,00187",0,0,"0,00802","8,8425148112123E-05",0,"0,00150322751790609",0,0,0,0,0,"0,00192455735180908"
УЗД,118,0,0,"0,00066",0,0,"0,00357",0,0,"0,000353700592448492",0,0,0,0,0,"0,00115473441108545"
УЗД,120,0,"0,000120707345041945","0,00187",0,"0,0017825311942959","0,00446",0,0,"0,00159165266601821",0,0,"0,00132802124833997",0,0,"0,00192455735180908"
УЗД,121,0,0,"0,00211",0,0,"0,00713",0,0,"0,00168007781413033",0,0,"0,00132802124833997",0,0,"0,0023094688221709"
УЗД,127,0,"0,000241414690083891","0,00235",0,"0,0035650623885918","0,01159",0,0,"0,00150322751790609",0,0,"0,00132802124833997",0,0,"0,00269438029253271"
УЗД,128,0,"6,03536725209729E-05","0,00181",0,"0,00089126559714795","0,00535",0,0,"0,00132637722168184",0,0,"0,00132802124833997",0,0,"0,0023094688221709"
УЗД,133,0,0,"0,00066",0,0,"0,00357",0,0,"0,000265275444336369",0,0,0,0,0,"0,00153964588144726"
УЗД,134,0,0,"0,00175",0,0,"0,00535",0,0,"0,00123795207356972",0,0,"0,00132802124833997",0,0,"0,00269438029253271"
УЗД,135,0,0,"0,00078",0,0,"0,00357",0,0,"0,000442125740560615",0,0,0,0,0,"0,00153964588144726"
УЗД,136,0,0,"0,00103",0,0,"0,00446",0,0,"0,000795826333009107",0,0,0,0,0,"0,00115473441108545"
УЗД,138,0,"6,03536725209729E-05","0,00072",0,"0,00089126559714795","0,00267",0,0,"0,000353700592448492",0,0,"0,000664010624169986",0,0,"0,00153964588144726"
УЗД,139,0,0,"0,00211",0,0,"0,00624",0,0,"0,00176850296224246",0,0,"0,00132802124833997",0,0,"0,0023094688221709"
УЗД,142,0,0,"0,00199",0,0,"0,00624",0,0,"0,00159165266601821",0,0,"0,00132802124833997",0,0,"0,0023094688221709"
УЗД,143,"6,03536725209729E-05",0,"0,00253","0,00089126559714795",0,"0,01159",0,0,"0,0019453532584667",0,0,"0,00132802124833997",0,0,"0,00192455735180908"
УЗД,144,0,0,"0,00217",0,0,"0,00802",0,0,"0,00159165266601821",0,0,"0,00199203187250996",0,0,"0,0023094688221709"
УЗД,147,0,"6,03536725209729E-05","0,00187",0,"0,00089126559714795","0,00446",0,0,"0,00159165266601821",0,0,"0,00132802124833997",0,0,"0,0023094688221709"
УЗД,148,"0,000181061017562918","0,00042247570764681","0,00169",0,0,"0,00624","0,000265275444336369","0,000530550888672738","0,00123795207356972",0,0,"0,00132802124833997",0,"0,000384911470361816","0,00192455735180908"
УЗД,149,0,"6,03536725209729E-05","0,00066",0,0,"0,00267",0,"8,8425148112123E-05","0,000353700592448492",0,0,0,0,0,"0,00153964588144726"
УЗД,151,"6,03536725209729E-05",0,"0,00193","0,00089126559714795",0,"0,00535",0,0,"0,00159165266601821",0,0,"0,00132802124833997",0,0,"0,0023094688221709"
УЗД,154,0,0,"0,00175",0,0,"0,00713",0,0,"0,00123795207356972",0,0,"0,000664010624169986",0,0,"0,0023094688221709"
УЗД,155,0,0,"0,00229",0,0,"0,00713",0,0,"0,00203377840657883",0,0,"0,000664010624169986",0,0,"0,0023094688221709"
УЗД,159,"6,03536725209729E-05",0,"0,00072","0,00089126559714795",0,"0,00267",0,0,"0,000530550888672738",0,0,0,0,0,"0,00115473441108545"
УЗД,160,0,0,"0,00091",0,0,"0,00446",0,0,"0,000442125740560615",0,0,"0,000664010624169986",0,0,"0,00153964588144726"
УЗД,162,"6,03536725209729E-05",0,"0,00181","0,00089126559714795",0,"0,00624",0,0,"0,00150322751790609",0,0,"0,000664010624169986",0,0,"0,00192455735180908"
УЗД,166,0,0,"0,00217",0,0,"0,01159",0,0,"0,00150322751790609",0,0,0,0,0,"0,0023094688221709"
УЗД,168,0,"6,03536725209729E-05","0,00217",0,0,"0,00713",0,"8,8425148112123E-05","0,00176850296224246",0,0,"0,00132802124833997",0,0,"0,0023094688221709"
УЗД,173,0,0,"0,00109",0,0,"0,00535",0,0,"0,000618976036784861",0,0,"0,000664010624169986",0,0,"0,00153964588144726"
УЗД,181,"0,000120707345041945",0,"0,00115","0,0017825311942959",0,"0,00357",0,0,"0,00088425148112123",0,0,"0,000664010624169986",0,0,"0,00153964588144726"
